<?xml version="1.0" encoding="UTF-8"?>

<extension method="upgrade" version="3.0" type="component">

	<name>Managment!</name>
    <creationDate>July 2020</creationDate>
    <author>Key + Andon</author>
    <authorEmail>x</authorEmail>
    <authorUrl>x</authorUrl>
    <copyright>Copyright Info</copyright>
    <license>License Info</license>
    <version>0.0.2</version>
    <description>Description of the Managment component ...</description>

    <install>
        <sql>
            <file charset="utf8" driver="mysql">sql/install.mysql.utf8.sql</file>
        </sql>
    </install>

    <uninstall>
        <sql>
            <file charset="utf8" driver="mysql">sql/uninstall.mysql.utf8.sql</file>
        </sql>
    </uninstall>

    <update>
        <schemas>
            <schemapath type="mysql">sql/updates/mysql</schemapath>
        </schemas>
    </update>

    <files folder="site">
        <filename>index.html</filename>
        <filename>managment.php</filename>
    </files>

    <administration>
        <menu link='index.php?option=com_managment'>Managment Menu from XML</menu>
        <files folder="admin">
            <filename>index.html</filename>
            <filename>managment.php</filename>
            <filename>controller.php</filename>
            <folder>sql</folder>
            <folder>models</folder>
            <folder>views</folder>
            <folder>controllers</folder>
            <folder>tables</folder>
        </files>
    </administration>


</extension>